,Value,X,Y,Sales
Value,1.0,0.13059985700467777,0.12274262982347803,0.24263243124055178
X,0.13059985700467777,1.0,0.8434197226882504,-0.1331011767695798
Y,0.12274262982347803,0.8434197226882504,1.0,-0.3208837182345735
Sales,0.24263243124055178,-0.1331011767695798,-0.3208837182345735,1.0
