,EmployeeID,Age,Salary
count,15.0,15.0,15.0
mean,108.0,32.6,61900.0
std,4.47213595499958,5.565197981332611,12180.48790953325
min,101.0,25.0,47000.0
25%,104.5,28.5,51000.0
50%,108.0,32.0,61000.0
75%,111.5,35.5,71000.0
max,115.0,45.0,85000.0
